Model,Accuracy,Precision,Recall,F1-Score
Decision Tree,0.930357416781715,0.9680451127819549,0.8977338756536897,0.9315646668676515
Logistic Regression,0.9271360638134684,0.9660697455230914,0.8933759442184777,0.9283018867924528
